{
    "mse": 1739654678.7974312,
    "mae": 28396.56693499643,
    "r2": -0.5479158258961676
}