{
    "mse": 6749335772072.358,
    "mae": 1086179.3099031043,
    "r2": -0.19397533685266422
}